sentence	entity	entity_tag	label	source
Группировка ИГИЛ ведёт свою историю с 2006 года и действует на территории Ирака и Сирии, также она пытается распространить свое влияние в Северной Африке.	ИГИЛ	ORGANIZATION	-1	AUTHOR_POS/AUTHOR_NEG
Организаторами экспозиции являются отделение испанского банка ''La Caixa'' — ''Obra Social La Caixa'', шотландская компания ''Nomad Exhibitions'' и ''Museo de Nankin'', чьи старания позволили выставке путешествовать по миру.	Obra Social La Caixa	ORGANIZATION	1	AUTHOR_POS/AUTHOR_NEG
Организаторами экспозиции являются отделение испанского банка ''La Caixa'' — ''Obra Social La Caixa'', шотландская компания ''Nomad Exhibitions'' и ''Museo de Nankin'', чьи старания позволили выставке путешествовать по миру.	Nomad Exhibitions	ORGANIZATION	1	AUTHOR_POS/AUTHOR_NEG
36-летний Эрик Хендрикс обвиняется в попытке вербовки людей для подготовки и проведения терактов в Соединенных Штатах от имени ИГИЛ.	Эрик Хендрикс	PERSON	-1	AUTHOR_POS/AUTHOR_NEG
По данным следствия, в 2015 году Хендрикс связался через социальные сети с конфиденциальным осведомителем, сообщив, что «ему нужны люди», и что он «хотел бы, чтобы братья тренировались вместе».	Хендрикс	PERSON	-1	AUTHOR_POS/AUTHOR_NEG
Согласно сообщению, Хендрикс находился в контакте с Элтоном Симпсоном, который в апреле 2015 года осуществил закончившуюся провалом попытку нападения на место проведения этого конкурса в Гарленде, штат Техас.	Элтоном Симпсоном	PERSON	-1	AUTHOR_POS/AUTHOR_NEG
Согласно сообщению, Хендрикс находился в контакте с Элтоном Симпсоном, который в апреле 2015 года осуществил закончившуюся провалом попытку нападения на место проведения этого конкурса в Гарленде, штат Техас.	Хендрикс	PERSON	-1	AUTHOR_POS/AUTHOR_NEG
Как сообщило министерство юстиции США, американец из штата Северная Каролина был арестован в четверг по обвинению в заговоре с целью оказания материальной поддержки террористической организации «Исламское государство».	Исламское государство	ORGANIZATION	-1	AUTHOR_POS/AUTHOR_NEG
"В своем микроблоге в Twitter он написал:


Дарио Фо (, 24 марта 1926 года, Санджано, Италия) — итальянский драматург, режиссёр, теоретик сценического мастерства, живописец."	Дарио Фо	PERSON	1	AUTHOR_POS/AUTHOR_NEG
В заявлении Нобелевского комитета было сказано, что премия Фо присуждается за то, что он, наследуя средневековым шутам, порицает власть и авторитет и защищает достоинство угнетаемых.	Фо	PERSON	1	AUTHOR_POS/AUTHOR_NEG
Это связано с публикацией скандальной подборам электронных писем Национального комитета Демократической партии, после которой его председатель Дебби Вассерман-Шульц была вынуждена уйти в отставку.	Национального комитета Демократической партии	ORGANIZATION	-1	AUTHOR_POS/AUTHOR_NEG
Одна из самых узнаваемых и противоречивых фигур в администрации Клинтона, Рено уже в самом начале работы в качестве генпрокурора столкнулась с критикой в связи со штурмом поместья в Уэйко, штат Техас, где находились члены секты «Ветвь Давидова» во главе с её лидером Дэвидом Корешом.	Рено	PERSON	1	AUTHOR_POS/AUTHOR_NEG
Одна из самых узнаваемых и противоречивых фигур в администрации Клинтона, Рено уже в самом начале работы в качестве генпрокурора столкнулась с критикой в связи со штурмом поместья в Уэйко, штат Техас, где находились члены секты «Ветвь Давидова» во главе с её лидером Дэвидом Корешом.	Рено	PERSON	-1	AUTHOR_POS/AUTHOR_NEG
Рено санкционировала применение слезоточивого газа, чтобы прекратить противостояние, и позднее назвала эти события худшим днём в её жизни.	Рено	PERSON	-1	AUTHOR_POS/AUTHOR_NEG
В США скончалась Джанет Рено — первая женщина, ставшая генеральным прокурором страны, и оказавшаяся в центре нескольких политических скандалов, сопровождавших работу администрации президента Билла Клинтона.	Джанет Рено	PERSON	-1	AUTHOR_POS/AUTHOR_NEG
Весной 2000 года Рено санкционировала вооруженный захват пятилетнего мальчика Элиана, что возмутило американцев кубинского происхождения из её родного города.	Рено	PERSON	-1	AUTHOR_POS/AUTHOR_NEG
Алгоритмы искусственного интеллекта, разработанные командой Google DeepMind в сотрудничестве с учёными Оксфордского университета, превзошли человека в умении понимать речь наблюдением артикуляции говорящего.	Google DeepMind	ORGANIZATION	1	AUTHOR_POS/AUTHOR_NEG
Ранее система глубинного, или глубокого обучения (алгоритмы, которые учат нейросети «думать» и выстраивать логические цепочки), разработанная исследователями из Оксфорда, также превзошла человека на тесте GRID.	исследователями	PROFESSION	1	AUTHOR_POS/AUTHOR_NEG
Сбылись прогнозы тех политических обозревателей, которые предсказывали, что властный по своей натуре Земан не станет довольствоваться чисто декоративной ролью президента Чехии, а попробует сыграть свою собственную партию в чешской политике.	президент	PROFESSION	-1	AUTHOR_POS/AUTHOR_NEG
Правоцентристы, в свою очередь, стали обвинять Земана в том, что президент втягивает страну в затяжной политический кризис.	президент	PROFESSION	-1	AUTHOR_POS/AUTHOR_NEG
"Формально он хочет сформировать под своей эгидой техническое правительство из ""специалистов"", которые на ключевых постах означают людей Земана."	Земана	PERSON	-1	AUTHOR_POS/AUTHOR_NEG
Решение гражданскими демократами было найдено быстро и единогласно, точно так же, как и получено согласие непосредственно Мирославы Немцовой.	Немцовой	PERSON	1	AUTHOR_POS/AUTHOR_NEG
С самого начал сборная Россия продемонстрировала отменный настрой на игру и заметное невооружённым глазом превосходство в классе.	сборная Россия	ORGANIZATION	1	AUTHOR_POS/AUTHOR_NEG
"Владимир Этуш в 1943 году
Владимир Путин в Владимир Этуш
В субботу, 6 мая 2017 года, народному артисту СССР, лауреату Государственной премии РФ Владимиру Этушу исполнилось 95 лет."	Владимиру Этушу	PERSON	1	AUTHOR_POS/AUTHOR_NEG
Высочайшего уровня техника и хореография Бориса Эйфмана передают все психологические перипетии романа Толстого.	Бориса Эйфмана	PERSON	1	AUTHOR_POS/AUTHOR_NEG
Альбом ''Double Fantasy'' Джона Леннона и его супруги Йоко Оно, который британский рок-музыкант подписал для Марка Чепмена, ставшего через несколько часов его убийцей, выставлен на продажу в США.	Марка Чепмена	PERSON	-1	AUTHOR_POS/AUTHOR_NEG
Арпайо ожидал приговора, он мог быть приговорен к лишению свободы сроком на 6 месяцев.	Арпайо	PERSON	-1	AUTHOR_POS/AUTHOR_NEG
В понедельник Джаред Лофнер в наручниках и в сопровождении нескольких охранников доставлен в суд в города Феникс.	Джаред Лофнер	PERSON	-1	AUTHOR_POS/AUTHOR_NEG
Лофнер предстал перед судом через два дня после стрельбы в Тусоне.	Лофнер	PERSON	-1	AUTHOR_POS/AUTHOR_NEG
До вынесения приговора Картер содержался  в тюрьме города Цинциннати, Огайо.	Картер	PERSON	-1	AUTHOR_POS/AUTHOR_NEG
Он уступает лишь легендарному Крису Челиосу, который всего два года назад играл с Red Wings в финале, а еще за год до этого выиграл Кубок (ему было, соответственно, 47 и 46 лет).	Крису Челиосу	PERSON	1	AUTHOR_POS/AUTHOR_NEG
Для Canucks очень важным может стать нейтрализация капитана и лидера Bruins — Здено Хары.	Здено Хары	PERSON	1	AUTHOR_POS/AUTHOR_NEG
Интересна дуэль вратарей: один из лучших канадских вратарей (Роберто Люонго) встретится с одним из лучших американских (Тим Томас).	Тим Томас	PERSON	1	AUTHOR_POS/AUTHOR_NEG
Одно из преимуществ Canucks в том, что их состав «глубже» — уровень игроков третьего и четвертого звена «Касаток» повыше, и это привело к успеху в регулярном сезоне.	Canucks	ORGANIZATION	1	AUTHOR_POS/AUTHOR_NEG
Гражданин Беларуси, проживающий в США, приговорен к 41 месяцу заключения за участие в интернет-мошенничестве; накануне, 23 2 июня 2011 года, окружной федеральный суд штата Массачусетс приговорил к 41 месяцам тюрьмы проживающего в Нантакете (штат Массачусетс) гражданина Беларуси.	Гражданин Беларуси	NATIONALITY	-1	AUTHOR_POS/AUTHOR_NEG
Cаманте Стосур — девятой ракетке мира потребовалось лишь 73 минуты, чтобы одержать победу над Уильямс со счетом 6:2, 6:3.	Уильямс	PERSON	-1	AUTHOR_POS/AUTHOR_NEG
Cаманте Стосур — девятой ракетке мира потребовалось лишь 73 минуты, чтобы одержать победу над Уильямс со счетом 6:2, 6:3.	Стосур	PERSON	1	AUTHOR_POS/AUTHOR_NEG
Сегодня был день Усика!	Усика	PERSON	1	AUTHOR_POS/AUTHOR_NEG
Ещё бы, ведь в ней выступают такие звёзды современного футбола как Дидье Дрогба, Саломон Калу, Коло Туре, Яя Туре и другие.	Дидье Дрогба	PERSON	1	AUTHOR_POS/AUTHOR_NEG
Ещё бы, ведь в ней выступают такие звёзды современного футбола как Дидье Дрогба, Саломон Калу, Коло Туре, Яя Туре и другие.	Саломон Калу	PERSON	1	AUTHOR_POS/AUTHOR_NEG
Ещё бы, ведь в ней выступают такие звёзды современного футбола как Дидье Дрогба, Саломон Калу, Коло Туре, Яя Туре и другие.	Коло Туре	PERSON	1	AUTHOR_POS/AUTHOR_NEG
Ещё бы, ведь в ней выступают такие звёзды современного футбола как Дидье Дрогба, Саломон Калу, Коло Туре, Яя Туре и другие.	Яя Туре	PERSON	1	AUTHOR_POS/AUTHOR_NEG
В рамках деловой программы форума запланированы выступления: Бориса Наумова (вице-президент фонда «Сколково» по взаимодействию с органами власти и общественностью), Александра Доржиева (один из основателей сервиса «AlterGeo»), Юрия Ветрова (руководитель отдела проектирования и дизайна интерфейсов Mail.RU Group), Елены Алексеевой (директор по работе с институциональными инвесторами компании «Softline») и многие других авторитетных экспертов IT-рынка.	Бориса Наумова	PERSON	1	AUTHOR_POS/AUTHOR_NEG
Бингу ва Мутарика стал президентом в 2004 году, в 2008 году был переизбран на второй срок.	Бингу ва Мутарика	PERSON	1	AUTHOR_POS/AUTHOR_NEG
Особенно агрессивно и, можно сказать, беспечно с первых минут матча атаковали чехи.	чехи	NATIONALITY	-1	AUTHOR_POS/AUTHOR_NEG
В несколько быстрых касаний россияне Дзагоев, Зырянов и Кержаков вышли в контратаку.	Зырянов	PERSON	1	AUTHOR_POS/AUTHOR_NEG
Однако россиянам откровенно не везло.	россиянам	NATIONALITY	-1	AUTHOR_POS/AUTHOR_NEG
"В проекте участвовали рэп исполнитель видеооператор Карина Куча звукорежиссер Ксения Абрамова в роли алиенистки Ярослава Клапрус в роли молодой девушки жертвы 

Вместе с треком Фактура анонсировал название следующего альбома — «ПрикуП»."	Фактура	PERSON	-1	AUTHOR_POS/AUTHOR_NEG
Шекатт был убит на юге города, в районе Нойдорф, расположенном всего в двух километрах от места, где он напал на людей двумя днями ранее.	Шекатт	PERSON	-1	AUTHOR_POS/AUTHOR_NEG
Во вторник, 11 декабря, Шериф Шекатт, прибыв на рождественскую ярмарку в центре Страсбурга, начал расстреливать прохожих из автоматического оружия.	Шериф Шекатт	PERSON	-1	AUTHOR_POS/AUTHOR_NEG
Водитель Cadillac 31-летний Алексей Русаков с места преступления скрылся.	Алексей Русаков	PERSON	-1	AUTHOR_POS/AUTHOR_NEG
Вадим, как опытный литератор, объяснял смыслы и темы своего творчества, говорил про два мира на альбоме — реальный и магический, про чередование лейтмотивов, таких как «друг», «мост», «любовь — та, с кем на одной стороне моста».	Вадим	PERSON	1	AUTHOR_POS/AUTHOR_NEG
В Москве начались съёмки художественного фильма «Доктор Лиза», посвящённого жизни Елизаветы Глинки.	Елизаветы Глинки	PERSON	1	AUTHOR_POS/AUTHOR_NEG
Шмидт возглавлял Google на протяжении десяти лет.	Шмидт	PERSON	1	AUTHOR_POS/AUTHOR_NEG
"Шутка ли, за то время, пока он стоял у руля, Google превратился в наиболее популярный поисковик в мире, ""заразил"" интернет-сообщество просмотром видеороликов на YouTube и выпустил мобильную ОС Android, которая в ближайшее время наверняка станет самой популярной мобильной платформой в мире."	Google	ORGANIZATION	1	AUTHOR_POS/AUTHOR_NEG
Возможно, дело в том, что о рокировке Пейджа и Шмидта Google сообщил одновременно с публикацией финансовых итогов года.	Google	ORGANIZATION	1	AUTHOR_POS/AUTHOR_NEG
После службы в ВМС с 1979 года работал в госкорпорации CITIC, созданной с одобрения Дэн Сяопина.	CITIC	ORGANIZATION	1	AUTHOR_POS/AUTHOR_NEG
Метцнер представлял интересы Романа Абрамовича, когда полиция заинтересовалась историей приобретения последним замка Кроэ на Лазурном берегу.	Метцнер	PERSON	1	AUTHOR_POS/AUTHOR_NEG
На фотографии на обложке Царнаев похож скорее на рок-звезду, чем на 19-летнего парня с опухшим лицом и рукой в гипсе, который чуть больше недели назад отказался признать свою вину в организации взрывов на Бостонском марафоне.	Царнаев	PERSON	-1	AUTHOR_POS/AUTHOR_NEG
"Умер Ли Пэн – инициатор расправы на площади Тянаньмэнь
Ли Пэн"	Ли Пэн	PERSON	-1	AUTHOR_POS/AUTHOR_NEG
В понедельник, 22 июля 2019 года, в Пекине умер Ли Пэн, соратник Цзян Цзэминя, премьер Государственного совета Китая в 1988—1998 годах, председатель Постоянного комитета Всекитайского собрания народных представителей в 1998—2003 годах.	Ли Пэн	PERSON	-1	AUTHOR_POS/AUTHOR_NEG
Среди гостей — дочь знаменитого писателя, актера и режиссера Мария Шукшина, актёры Андрей Мерзликин и Алиса Гребенщикова, выдающийся спортсмен и актёр Олег Тактаров, продюсер и актер Игорь Жижикин, а также настоятель собора во имя святого благоверного и великого князя Александра Невского в Новосибирске, сценарист и кинорежиссер Александр Новопашин.	Олег Тактаров	PERSON	1	AUTHOR_POS/AUTHOR_NEG
Помимо Элис Манро премию по литература могли получить японец Харуки Мураками, белорусская писательница Светлана Алексиевич и другие выдающиеся люди (не считая вышеперечисленных людей и Элис, вошедших в тройку букмекерских фаворитов).	Светлана Алексиевич	PERSON	1	AUTHOR_POS/AUTHOR_NEG
Помимо Элис Манро премию по литература могли получить японец Харуки Мураками, белорусская писательница Светлана Алексиевич и другие выдающиеся люди (не считая вышеперечисленных людей и Элис, вошедших в тройку букмекерских фаворитов).	Харуки Мураками	PERSON	1	AUTHOR_POS/AUTHOR_NEG
В Португалии объявлен трёхдневный траур в память о великом футболисте — Эйсебио.	футболист	PROFESSION	1	AUTHOR_POS/AUTHOR_NEG
В Португалии объявлен трёхдневный траур в память о великом футболисте — Эйсебио.	Эйсебио	PERSON	1	AUTHOR_POS/AUTHOR_NEG
"В частностив день 60-летия Путина 7 октября 2012 года в ходе программы «Вестей недели» Дмитрий Киселёв посвятил этому событию комментарий длительностью 12 минут 41 секунду:
 По масштабу деятельности Путин политик из своих предшественников ХХ века сопоставим лишь со Сталиным Методы принципиально другие Цена сталинского прорыва неприемлема но масштаб задач по обустройству страны таков После Сталина каждый следующий кремлёвский лидер снижал планку амбиций и к смене тысячелетий Россия подошла обескровленной деморализованной и разорванной В результате загнем пальцы боеспособность армии восстановлена ядерный баланс подтверждён территориальная целостность сохранена зарплата россиян выросла в рублях в 13 раз пенсия в 10 Россия при этом свободна как никогда в своей истории 

В декабре 2013 года российские власти отметили это, назначив Киселёва руководителем нового информационного агентства «Россия сегодня», созданного на базе ликвидированного РИА Новости."	Киселёв	PERSON	-1	AUTHOR_POS/AUTHOR_NEG
Глава Киевской городской государственной администрации и депутат Владимир Макеенко объявил о выходе из Партии регионов и переходе на сторону народа.	Макеенко	PERSON	-1	AUTHOR_POS/AUTHOR_NEG
Легендарный баскетболист Коби Брайант разбился на своём вертолёте	баскетболист	PROFESSION	1	AUTHOR_POS/AUTHOR_NEG
"Умер Кирк Дуглас — последний представитель «золотого века» американского кинематографа
Кирк Дуглас в 1963 году
Кирк Дуглас в возрасте 103 года скончался в своём доме в Беверли-Хиллз (Калифорния, США) в среду, 5 февраля 2020 года."	Кирк Дуглас	PERSON	1	AUTHOR_POS/AUTHOR_NEG
В последнее время Виктор Тихонов проходил курс лечения дома.	Виктор Тихонов	PERSON	1	AUTHOR_POS/AUTHOR_NEG
Хотя действие происходит во времена Второй мировой войны, но название фильма относится к другой научной статье Алана Тьюринга, опубликованной в 1950 году под названием «Вычислительные машины и разум».	Алана Тьюринга	PERSON	1	AUTHOR_POS/AUTHOR_NEG
После свержения Маркоса Акино стала президентом Филиппин.	Акино	PERSON	1	AUTHOR_POS/AUTHOR_NEG
"Год назад в защиту опального башкирского чиновника открыто выступила ""Единая Россия"", восстановившая господина Хабирова в партии (позже господин Хабиров был приглашен на работу в Кремль)."	Хабирова	PERSON	1	POSITIVE_TO/NEGATIVE_TO
"Год назад в защиту опального башкирского чиновника открыто выступила ""Единая Россия"", восстановившая господина Хабирова в партии (позже господин Хабиров был приглашен на работу в Кремль)."	Хабиров	PERSON	1	POSITIVE_TO/NEGATIVE_TO
По его словам, президент, полномочия которого истекают через год, стремится помочь своим людям занять достойное место в чиновничьей иерархии - так же, как помог ранее экс-главе МВД по Башкирии Рафаилу Диваеву, которого после отставки из федерального министерства в республике назначили вице-премьером.	Рафаилу Диваеву	PERSON	1	POSITIVE_TO/NEGATIVE_TO
"""После ухода Радия Хабирова администрация значительно ослабла, ее влияние резко упало по сравнению с аппаратом правительства"",- рассказал собеседник ""Ъ""."	Радия Хабирова	PERSON	1	POSITIVE_TO/NEGATIVE_TO
Папа римский Франциск в воскресенье объявил, что 24 апреля 2016 года во всех храмах Римско-католической церкви в Европе пройдет специальный сбор пожертвований для народа Украины.	Украины	COUNTRY	1	POSITIVE_TO/NEGATIVE_TO
"Папа Франциск объявил о специальном сборе средств для Украины
Франциск в Мексике"	Франциск	PERSON	1	POSITIVE_TO/NEGATIVE_TO
Папа римский Франциск в воскресенье объявил, что 24 апреля 2016 года во всех храмах Римско-католической церкви в Европе пройдет специальный сбор пожертвований для народа Украины.	Франциск	PERSON	1	POSITIVE_TO/NEGATIVE_TO
По данным международных наблюдателей, в последнее время на востоке Украины усилились столкновения между правительственными войсками и пророссийскими сепаратистами.	Украины	COUNTRY	1	POSITIVE_TO/NEGATIVE_TO
понтифик сказал, что хочет, чтобы этот сбор стал «жестом благотворительности, который не только облегчит материальные страдания, но и продемонстрирует мою личную близость и близость всей церкви» к народу Украины.	понтифик	PROFESSION	1	POSITIVE_TO/NEGATIVE_TO
Накануне голосования в нижней палате Конгресса лидер страны, придерживающаяся левых взглядов, представила свою позицию в бразильской ежедневной газете Folha de Sao Paul.	лидер страны	PROFESSION	1	POSITIVE_TO/NEGATIVE_TO
Verizon купил Yahoo!	Yahoo!	ORGANIZATION	1	POSITIVE_TO/NEGATIVE_TO
Рыночная стоимость Yahoo!	Yahoo!	ORGANIZATION	1	POSITIVE_TO/NEGATIVE_TO
25 июля 2016 года одна из двух крупнейших телекоммуникационных компаний США Verizon Communications официально объявила о покупке основного бизнеса одного из крупнейших мировых порталов Yahoo!	Yahoo!	ORGANIZATION	1	POSITIVE_TO/NEGATIVE_TO
США и Грузия расширят сотрудничество в сфере безопасности	Грузия	COUNTRY	1	POSITIVE_TO/NEGATIVE_TO
США и Грузия расширят сотрудничество в сфере безопасности	США	COUNTRY	1	POSITIVE_TO/NEGATIVE_TO
Согласно сообщению, Хендрикс находился в контакте с Элтоном Симпсоном, который в апреле 2015 года осуществил закончившуюся провалом попытку нападения на место проведения этого конкурса в Гарленде, штат Техас.	Элтоном Симпсоном	PERSON	1	POSITIVE_TO/NEGATIVE_TO
"Флаг ИГИЛ
Среди обвинений — попытка вербовки и обучения террористов."	ИГИЛ	ORGANIZATION	1	POSITIVE_TO/NEGATIVE_TO
Президент «MicroBank», Антонио Вила (Antonio Vila), рассказал, что за 9 лет существования этой льготной программы, она смогла стать одним из ключевых игроков микрофинансового сектора в Испании и Европе, а также стала полезным ресурсом для содействия финансовой интеграции и стимулирования экономической деятельности и создания рабочих мест.	MicroBank	ORGANIZATION	1	POSITIVE_TO/NEGATIVE_TO
«Единая Россия» поддержала инициативу Д. Медведева, лидер ЛДПР В. Жириновский также одобрил переименование.	Д. Медведева	PERSON	1	POSITIVE_TO/NEGATIVE_TO
Премьер-министр Италии Маттео Ренци заявил, что с уходом Фо «страна потеряла крупнейшую фигуру культурной жизни».	Фо	PERSON	1	POSITIVE_TO/NEGATIVE_TO
В заявлении Нобелевского комитета было сказано, что премия Фо присуждается за то, что он, наследуя средневековым шутам, порицает власть и авторитет и защищает достоинство угнетаемых.	Фо	PERSON	1	POSITIVE_TO/NEGATIVE_TO
Позднее Рено, чей рост был больше 180 сантиметров, сказала, что хотела стать юристом, «потому что не хотела, чтобы мне указывали, что делать».	Рено	PERSON	1	POSITIVE_TO/NEGATIVE_TO
Алгоритмы искусственного интеллекта, разработанные командой Google DeepMind в сотрудничестве с учёными Оксфордского университета, превзошли человека в умении понимать речь наблюдением артикуляции говорящего.	Оксфордского университета	ORGANIZATION	1	POSITIVE_TO/NEGATIVE_TO
Алгоритмы искусственного интеллекта, разработанные командой Google DeepMind в сотрудничестве с учёными Оксфордского университета, превзошли человека в умении понимать речь наблюдением артикуляции говорящего.	Google DeepMind	ORGANIZATION	1	POSITIVE_TO/NEGATIVE_TO
Поэтому верхушка ODS очень быстро договорилась и уже в четверг 20 июня выдвинула своего кандидата на пост премьер-министра - председателя нижней палаты парламента Мирославу Немцову (1952 года рожд.).	Мирославу Немцову	PERSON	1	POSITIVE_TO/NEGATIVE_TO
Решение гражданскими демократами было найдено быстро и единогласно, точно так же, как и получено согласие непосредственно Мирославы Немцовой.	Немцовой	PERSON	1	POSITIVE_TO/NEGATIVE_TO
17% поддерживают вариант технического правительства Руснока, для 21% приемлемо продолжение коалиционного кабинета OSD-TOP 09 с премьером Мирославой Немцовой.	Немцовой	PERSON	1	POSITIVE_TO/NEGATIVE_TO
"57% респондентов полагают, что президент не нарушает конституцию и может назначить Иржи Руснока премьером

Действия Земана обещают Чехии затяжной политический кризис с одновременным усилением власти президента."	Иржи Руснок	PERSON	1	POSITIVE_TO/NEGATIVE_TO
Лидер «Единой России» и спикер Госдумы Борис Грызлов считает, что региональные и местные выборы продемонстрировали растущую поддержку избирателей партии власти и ее курса в целом.	Единой России	ORGANIZATION	1	POSITIVE_TO/NEGATIVE_TO
Однако мэр дал своё согласие, назвав выбор Дик «историческим решением».	Дик	PERSON	1	POSITIVE_TO/NEGATIVE_TO
В 1979 году Рокфеллер оказался замешан в международном скандале, когда вместе со своим давним другом Генри Киссинджером помог убедить президента Джимми Картера позволить иранскому шаху приехать в США на лечение от лимфомы, что стало одной из предпосылок кризиса с захватом заложников в Иране.	Рокфеллер	PERSON	1	POSITIVE_TO/NEGATIVE_TO
В интервью, опубликованном в пятницу 22 октября в газете South China Morning Post, говорится, что эта группа никак не связана с WikiLeaks — организацией, которая опубликовала тысячи секретных документов правительства США, — однако создатели китайского сайта надеются повторить успех WikiLeaks.	WikiLeaks	ORGANIZATION	1	POSITIVE_TO/NEGATIVE_TO
Кроме того, Запад рассчитывает, что Азербайджан может стать альтернативным источников снабжения Европы природным газом.	Азербайджан	COUNTRY	1	POSITIVE_TO/NEGATIVE_TO
Президент Турции Реджеп Тайип Эрдоган намерен начать политическую и юридическую кампании по противодействию попыткам властей США привлечь к уголовной ответственности сотрудников его службы безопасности, избивших демонстрантов и полицейских в Вашингтоне.	сотрудников его службы безопасности	PROFESSION	1	POSITIVE_TO/NEGATIVE_TO
«Теперь я — ваш президент, и Америка разоблачит преступления режима Кастро, и поддержит кубинский народ в их борьбе за свободу», — заявил Трамп, выступая в районе Маленькая Гавана в Майами.	кубинский	NATIONALITY	1	POSITIVE_TO/NEGATIVE_TO
По данным блогеров, эта хулиганская акция красно-белых была запланирована и вызвана недавним убийством болельщика «Спартака» Егора Свиридова, в память о котором фанаты развернули на трибуне плакаты.	Егора Свиридова	PERSON	1	POSITIVE_TO/NEGATIVE_TO
Официально Нагорный Карабах является частью территории Азербайджана.	Карабах	COUNTRY	1	POSITIVE_TO/NEGATIVE_TO
Трамп помиловал Арпайо менее чем, через месяц после того, как суд признал его виновным в «расовом профайлинге» — подчиненные шерифа задерживали людей, которых считали нелегальными иммигрантами, основываясь исключительно на их внешнем виде.	Арпайо	PERSON	1	POSITIVE_TO/NEGATIVE_TO
Арпайо ожидал приговора, он мог быть приговорен к лишению свободы сроком на 6 месяцев.	Арпайо	PERSON	1	POSITIVE_TO/NEGATIVE_TO
По его словам, он весьма тронут тёплым приёмом и профессиональной помощью китайских медиков.	медиков	PROFESSION	1	POSITIVE_TO/NEGATIVE_TO
"Президенты США и Франции беседуют в Белом доме
 Барак Обама и Николя Саркози 

Барак Обама принимает в Белом доме своего французского коллегу Николя Саркози."	Франции	COUNTRY	1	POSITIVE_TO/NEGATIVE_TO
"Президенты США и Франции беседуют в Белом доме
 Барак Обама и Николя Саркози 

Барак Обама принимает в Белом доме своего французского коллегу Николя Саркози."	США	COUNTRY	1	POSITIVE_TO/NEGATIVE_TO
Президент Саркози выразил в этой связи надежду на то, что ему удастся за время председательства в G-20 провести целый ряд реформ.	G-20	ORGANIZATION	1	POSITIVE_TO/NEGATIVE_TO
Селена Гомес	Селена Гомес	PERSON	1	POSITIVE_TO/NEGATIVE_TO
В частности, бывший министр здравоохранения Клод Эвин, участвовавший в его разработке, подверг редактирование изображений Сартра и Тати критике, назвав «абсурдом».	Сартра	PERSON	1	POSITIVE_TO/NEGATIVE_TO
В частности, бывший министр здравоохранения Клод Эвин, участвовавший в его разработке, подверг редактирование изображений Сартра и Тати критике, назвав «абсурдом».	Тати	PERSON	1	POSITIVE_TO/NEGATIVE_TO
В 2006 году Коумс основал фонд Castle Point, заручившись поддержкой у бывшего топ-менеджера банка Goldman Sachs Стивена Фридмана.	Стивена Фридмана	PERSON	1	POSITIVE_TO/NEGATIVE_TO
Тодд Коумс родился и вырос во Флориде.	Коумс	PERSON	1	POSITIVE_TO/NEGATIVE_TO
Официальный представитель Талибана Забиулла Муджахид у себя в твиттере утверждает, что в результате атаки талибов в деревне Ахунд Баба в районе Бараки Барак были убиты «5 американских захватчиков и 9 наёмников», со стороны талибов погибло «2 муджахида».	талибов	ORGANIZATION	1	POSITIVE_TO/NEGATIVE_TO
«Между Израилем и Новой Зеландией существует настоящее братство.	Новой Зеландией	COUNTRY	1	POSITIVE_TO/NEGATIVE_TO
«Между Израилем и Новой Зеландией существует настоящее братство.	Израилем	COUNTRY	1	POSITIVE_TO/NEGATIVE_TO
– Израиль, расположенный на краю пустыни, почти лишенный природных ресурсов, превратился в одно из самых развитых государств мира.	Израиль	COUNTRY	1	POSITIVE_TO/NEGATIVE_TO
«Он погиб мученической смертью, защищая республику», — заявил лидер Всеобщего народного конгресса Файка аль-Саид, обвинив в убийстве Салеха мятежников-хути (хуситами — шиитскими повстанцами).	Салеха	PERSON	1	POSITIVE_TO/NEGATIVE_TO
Стороны объединили силы три года назад и вынудили международно признанного президента страны Абду Рабу Мансура Хади бежать из страны и попросить о военном вмешательстве другие страны во главе с Саудовской Аравией.	Саудовской Аравией	COUNTRY	1	POSITIVE_TO/NEGATIVE_TO
В недавнем телеобращении Салех призвал прекратить осаду йеменских портов и предложил в обмен «начать с чистого листа» и «разобраться с ними в позитивном духе».	йеменских	COUNTRY	1	POSITIVE_TO/NEGATIVE_TO
Власти обратили внимание, что Джеймсон ставил лайки в Facebook под записями о деятельности ИГ.	ИГ	ORGANIZATION	1	POSITIVE_TO/NEGATIVE_TO
Оливер Иванович	Оливер Иванович	PERSON	1	POSITIVE_TO/NEGATIVE_TO
Выходец из Нигерии, член партии «Лига Севера» Тони Ивоби (Toni Iwobi) избран в Сенат Италии по результатам парламентских выборов.	Лига Севера	ORGANIZATION	1	POSITIVE_TO/NEGATIVE_TO
В минувшую пятницу кабинет Берлускони принял решение о сокращении госбюджета приблизительно на 63 миллиарда долларов – 28 миллиардов в 2012 году и 35 миллиардов – в 2013-м.	Берлускони	PERSON	1	POSITIVE_TO/NEGATIVE_TO
Военизированная ливанская шиитская организация «Хезболла» осудила ракетные удары по Сирии со стороны США, Великобритании и Франции.	Сирии	COUNTRY	1	POSITIVE_TO/NEGATIVE_TO
Власти Сирии отвергают эти обвинения и заявляют, что сообщения о химической атаке выдуманы повстанцами, это мнение разделяет Россия, министр иностранных дел Сергей Лавров заявлял, что это «постановка».	Сирии	COUNTRY	1	POSITIVE_TO/NEGATIVE_TO
Бойцы «Хезболлы» воюют в Сирии на стороне правительственных войск.	правительственных войск	ORGANIZATION	1	POSITIVE_TO/NEGATIVE_TO
Политолог говорит, что 20 лет развития и становления Украины прошли без серьезных угроз и кровавых внутренних конфликтов, чего не удалось избежать большинству постсоветских стран.	Украины	COUNTRY	1	POSITIVE_TO/NEGATIVE_TO
В материале издания отмечается, что Гордон якобы находится в резерве ФСБ для выполнения шпионских и специальных операций, в том числе и для устранения людей.	Гордон	PERSON	1	POSITIVE_TO/NEGATIVE_TO
Исламское государство (ИГ) опубликовало 13 мая 2018 года видео, на котором устроивший резню в Париже, клянётся в верности лидеру ИГ Абу Бакру аль-Багдади.	Абу Бакру аль-Багдади	PERSON	1	POSITIVE_TO/NEGATIVE_TO
С тех пор в общей сложности более 50 женщин рассказали о сексуальных домогательствах со стороны 65-летнего Вайнштейна.	Вайнштейна	PERSON	1	POSITIVE_TO/NEGATIVE_TO
"Помпео обсудил диверсификацию энергоснабжения с главой МИД Словении

Госсекретарь Майк Помпео во вторник побеседовал по телефону с министром иностранных дел Словении Андже Логаром, сообщил Госдепартамент США."	Помпео	PERSON	1	POSITIVE_TO/NEGATIVE_TO
Главы внешнеполитических ведомств США и Словении подчеркнули преимущества сотрудничества в деле диверсификации энергетических поставок, развития и защиты критически важных аспектов инфраструктуры и борьбы с дезинформацией, направленной на подрыв наших демократических институтов, отмечается в заявлении Госдепартамента.	Словении	COUNTRY	1	POSITIVE_TO/NEGATIVE_TO
Главы внешнеполитических ведомств США и Словении подчеркнули преимущества сотрудничества в деле диверсификации энергетических поставок, развития и защиты критически важных аспектов инфраструктуры и борьбы с дезинформацией, направленной на подрыв наших демократических институтов, отмечается в заявлении Госдепартамента.	США	COUNTRY	1	POSITIVE_TO/NEGATIVE_TO
Ранее встречу с главой государства провели премьер-министр Македонии Зоран Заев и министр иностранных дел Никола Димитров.	Зоран Заев	PERSON	1	POSITIVE_TO/NEGATIVE_TO
Ранее встречу с главой государства провели премьер-министр Македонии Зоран Заев и министр иностранных дел Никола Димитров.	Никола Димитров	PERSON	1	POSITIVE_TO/NEGATIVE_TO
Греция заявила о намерении признать соседнее государство под названием Республика Северная Македония.	Республика Северная Македония	COUNTRY	1	POSITIVE_TO/NEGATIVE_TO
Завахири заявил, что похищенный американец — консультант программ правительства США, направленных на оказание помощи Пакистану — Уоррен Вайнштейн.	Пакистану	COUNTRY	1	POSITIVE_TO/NEGATIVE_TO
Завахири заявил, что похищенный американец — консультант программ правительства США, направленных на оказание помощи Пакистану — Уоррен Вайнштейн.	США	COUNTRY	1	POSITIVE_TO/NEGATIVE_TO
США и Талибан обсудили пути снижения насилия в Афганистане	Талибан	ORGANIZATION	1	POSITIVE_TO/NEGATIVE_TO
США и Талибан обсудили пути снижения насилия в Афганистане	США	COUNTRY	1	POSITIVE_TO/NEGATIVE_TO
Командующий силами США в Афганистане встретился с лидерами военизированного движения Талибан в рамках двустороннего соглашения о начале мирного процесса, чтобы обсудить пути снижения насилия в стране.	лидерами военизированного движения Талибан	PROFESSION	1	POSITIVE_TO/NEGATIVE_TO
Сухейль Шахин, официальный представитель талибов написал в Твиттере о встрече с американским генералом Скоттом Миллером, который также командует миссией НАТО по поддержке невоенных решений в стране.	Скоттом Миллером	PERSON	1	POSITIVE_TO/NEGATIVE_TO
Представитель Талибана сообщил, что в ходе переговоров обсуждались детали реализации соглашения между США и талибами, подписанное 29 февраля в Дохе с целью положить конец войне в Афганистане.	талибами	ORGANIZATION	1	POSITIVE_TO/NEGATIVE_TO
Представитель Талибана сообщил, что в ходе переговоров обсуждались детали реализации соглашения между США и талибами, подписанное 29 февраля в Дохе с целью положить конец войне в Афганистане.	США	COUNTRY	1	POSITIVE_TO/NEGATIVE_TO
Александр Усик стал третьим в истории абсолютным чемпионом мира в первом тяжелом весе.	Александр Усик	PERSON	1	POSITIVE_TO/NEGATIVE_TO
США опасаются тесного союза между Моралесом, президентом Венесуэлы Уго Чавесом (Hugo Chávez) и президентом Кубы Фиделем Кастро (Fidel Castro) и, возможно, с более умеренным президентом Бразилии Луисом Лула да Силва (Luiz Lula da Silva).	Уго Чавесом	PERSON	1	POSITIVE_TO/NEGATIVE_TO
США опасаются тесного союза между Моралесом, президентом Венесуэлы Уго Чавесом (Hugo Chávez) и президентом Кубы Фиделем Кастро (Fidel Castro) и, возможно, с более умеренным президентом Бразилии Луисом Лула да Силва (Luiz Lula da Silva).	Фиделем Кастро	PERSON	1	POSITIVE_TO/NEGATIVE_TO
Моралес против политики США по искоренению коки, а также против неолиберальной политики прошлого Боливийского правительства, включая соглашения о свободной торговле.	Моралес	PERSON	1	POSITIVE_TO/NEGATIVE_TO
Муквегег узнал о награждении в операционной, его коллеги встретили новость овацией.	Муквеге	PERSON	1	POSITIVE_TO/NEGATIVE_TO
"Президент Белоруссии Александр Лукашенко выразил уверенность в том, что творчество юбиляра будет способствовать укреплению культурных связей между народами двух государств, сообщили в пресс-службе главы государства:
 В Беларуси Вас знают и ценят как талантливого художника и разносторонне одаренного человека поэтому Ваши персональные выставки всегда становятся яркими событиями в жизни нашей страны 

Также Лукашенко обратил внимание на то, что творчество народного художника прошло испытание временем и продолжает служить эталоном профессионального мастерства:
 В своих работах Вы необычайно точно раскрываете индивидуальность человека его внутренний мир и духовное богатство Уверен что и впредь Вы будете радовать нас своим искусством способствуя укреплению культурных связей между двумя братскими народами 

Персональные выставки Народного художника СССР Александра Шилова неоднократно проходили в Белоруссии."	Александр Лукашенко	PERSON	1	POSITIVE_TO/NEGATIVE_TO
После войны Младич вернулся в Белград, где, как предполагается, ему оказал поддержку тогдашний президент Сербии Слободан Милошевич.	Младич	PERSON	1	POSITIVE_TO/NEGATIVE_TO
Также Лидстрем преуспел и в персональных наградах, семь раз получив «Норрис трофи» как лучший защитник в НХЛ и двенадцать раз участвовав в Матчах всех звезд НХЛ.	Лидстрем	PERSON	1	POSITIVE_TO/NEGATIVE_TO
За свою карьеру Лидстрем выиграл по сути все главные командные призы мирового хоккея: он вошел в символический «Тройной золотой клуб», одержав победу в Олимпийских играх, чемпионате мира и Кубке Стэнли, причем главный трофей клубного хоккея шведский хоккеист выиграл четыре раза.	Лидстрем	PERSON	1	POSITIVE_TO/NEGATIVE_TO
В понедельник Испания и Кипр обратились к Евросоюзу с просьбой помочь их  испытывающим финансовые проблемы банкам.	Евросоюзу	ORGANIZATION	1	POSITIVE_TO/NEGATIVE_TO
В этот день старшей дочери президента – Малии – исполняется 14 лет.	Малии	PERSON	1	POSITIVE_TO/NEGATIVE_TO
Как ожидается, сотни тысяч празднично одетых людей выйдут сегодня на Национальный Мол – широкий бульвар, который тянется от здания Конгресса США до памятника президенту Линкольну, –  чтобы сначала посмотреть праздничный концерт, а затем фейерверк.	США	COUNTRY	1	POSITIVE_TO/NEGATIVE_TO
На церемонии открытия Игр американские спортсмены будут носить сине-бело-красные мундиры, созданные модельером Ральфом Лореном по заказу Национального олимпийского комитета США.	спортсмены	PROFESSION	1	POSITIVE_TO/NEGATIVE_TO
Горечь ситуации в том, что я присутствовал вчера (во вторник — ред.) на соревнованиях по бадминтону и видел, с каким трудом давалась игра британским спортсменам, но борьба была самой настоящей, и огромная зрительская аудитория была от нее в восторге.	спортсменам	PROFESSION	1	POSITIVE_TO/NEGATIVE_TO
А Альсим просто феномен.	Альсим	PERSON	1	POSITIVE_TO/NEGATIVE_TO
Ученик школы № 6 Верхнесалдинского городского округа Владимир Хитрин в мае 2018 года, заметив драку двух ранее незнакомых ему мужчин, позвал на помощь прохожих, вызвал полицию и дождался их приезда.	Владимир	PERSON	1	POSITIVE_TO/NEGATIVE_TO
Владислав первым заметил возгорание и начал тушить его.	Владислав	PERSON	1	POSITIVE_TO/NEGATIVE_TO
Испанский сатирический журнал El Jueves («Четверг»), в знак солидарности с французскими коллегами из журнала Charlie Hebdo опубликовал карикатуру на пророка Мухаммеда.	Charlie Hebdo	ORGANIZATION	1	POSITIVE_TO/NEGATIVE_TO
Испанский сатирический журнал El Jueves («Четверг»), в знак солидарности с французскими коллегами из журнала Charlie Hebdo опубликовал карикатуру на пророка Мухаммеда.	El Jueves	ORGANIZATION	1	POSITIVE_TO/NEGATIVE_TO
Президент США Дональд Трамп собирается пересмотреть дело майора Мэтью Голстейна (Mathew Golsteyn), обвиняемого в убийстве афганца в Афганистане в 2010 году.	Мэтью Голстейна	PERSON	1	POSITIVE_TO/NEGATIVE_TO
Президент заявил, что, «по многочисленным просьбам», пересмотрит обвинения в убийстве, выдвинутые Голстейну, который в прошлом служил в спецвойсках («Зелёные береты»).	Голстейну	PERSON	1	POSITIVE_TO/NEGATIVE_TO
В 2014 году дело было закрыто, но его возобновили в 2016 году после того, как Голстейн в интервью Fox News заявил, что убил талиба, задержанного в афганском районе Марджа, из опасений, что, если его отпустят на свободу, он будет нападать на афганцев, помогающих американским военным.	афганцев	NATIONALITY	1	POSITIVE_TO/NEGATIVE_TO
В 2014 году дело было закрыто, но его возобновили в 2016 году после того, как Голстейн в интервью Fox News заявил, что убил талиба, задержанного в афганском районе Марджа, из опасений, что, если его отпустят на свободу, он будет нападать на афганцев, помогающих американским военным.	военным	PROFESSION	1	POSITIVE_TO/NEGATIVE_TO
Скандинавки приехали в Марокко на месяц, путешествовали «дикарями» и проходили популярные среди путешественников маршруты самостоятельно, без гида.	Марокко	COUNTRY	1	POSITIVE_TO/NEGATIVE_TO
"В частности он заявил:
 Из любви к Италии можно совершать безумства и делать мудрые вещи 19 лет назад я начал политическую карьеру Это было безумством не лишенным мудрости Сейчас предпочитаю сделать шаг назад по тем же причинам и соображениям которые двигали мной в 1994 году Но у меня еще есть мускулы и мысли и я готов давать советы делиться опытом 

Интересно, что СМИ в связи с приговором Сильвио Берлускони вспоминали его тёплую дружбу с бессменным главой России Владимиром Путиным."	Италии	COUNTRY	1	POSITIVE_TO/NEGATIVE_TO
"Иисус Христос потребовал свободы Pussy Riot в новом эпизоде «Южного парка» (смотреть)


31 октября 2012 года состоялась премьера тринадцатого эпизода шестнадцатого сезона сериала «Южный парк», под занавес которого Иисус Христос появляется в футболке с надписью «Free Pussy Riot» (Свободу Pussy Riot), закончив эпизод этими же словами."	Иисус Христос	PERSON	1	POSITIVE_TO/NEGATIVE_TO
Президент Палестины Махмуд Аббас, который пользуется поддержкой организации ФАТХ, тоже может уйти в отставку.	Махмуд Аббас	PERSON	1	POSITIVE_TO/NEGATIVE_TO
Адамовичу оказали первую помощь, после чего в крайне тяжёлом состоянии забрали в больницу.	Адамович	PERSON	1	POSITIVE_TO/NEGATIVE_TO
Россия в НАТО не гость, а равноправный партнер».	Россия	COUNTRY	1	POSITIVE_TO/NEGATIVE_TO
Россия в НАТО не гость, а равноправный партнер».	НАТО	ORGANIZATION	1	POSITIVE_TO/NEGATIVE_TO
В пользу партнёрского сотрудничества НАТО и России высказался также министр обороны Германии Франц Йозеф Юнг.	России	COUNTRY	1	POSITIVE_TO/NEGATIVE_TO
Фолл неоднократно писал заявления в полицию по поводу того, что Макафи часто стрелял из своего ружья, а также из-за агрессивного поведения его собак.	полицию	ORGANIZATION	1	POSITIVE_TO/NEGATIVE_TO
В ответ немецкий концерн Bayer, который приобрёл Monsanto в 2018 году, заявил, что намерен подать апелляцию:	Monsanto	ORGANIZATION	1	POSITIVE_TO/NEGATIVE_TO
Он объявил, что в случае потери им дееспособности, его полномочия переходят к вице-президенту Николасу Мадуро, и призвал своих сторонников проголосовать за преемника, если состоятся президентские выборы.	Мадуро	PERSON	1	POSITIVE_TO/NEGATIVE_TO
Елизавета Глинка, врач-реаниматолог по образованию, была известна своей правозащитной и благотворительной деятельностью.	Глинка	PERSON	1	POSITIVE_TO/NEGATIVE_TO
"Стратег у руля

Уже известно, что главой компании станет именно Пейдж, которого Шмидт охарактеризовал как сильного стратега и человека, способного отвечать за руководство компанией и развитие продуктов."	Пейдж	PERSON	1	POSITIVE_TO/NEGATIVE_TO
Президент России Владимир Путин направил телеграмму президенту Франции Эмманюэлю Макрону с выражением сочувствия лично лидеру страны и всему французскому народу по поводу последствий пожара в Соборе Парижской Богоматери.	Эмманюэлю Макрону	PERSON	1	POSITIVE_TO/NEGATIVE_TO
В сентябре 2012 года с прошением о предоставлении гражданства к властям Бельгии обратился совладелец крупнейшего в мире производителя предметов роскоши Louis Vuitton Moet Hennessy миллиардер Бернар Арно.	властям Бельгии	ORGANIZATION	1	POSITIVE_TO/NEGATIVE_TO
Я настоящий европеец и гражданин мира, как учил меня мой отец.	европеец	NATIONALITY	1	POSITIVE_TO/NEGATIVE_TO
Китай передал медицинскую помощь Венесуэле	Китай	COUNTRY	1	POSITIVE_TO/NEGATIVE_TO
Самолёт китайской авиакомпании Suparna Airlines	Китай	COUNTRY	1	POSITIVE_TO/NEGATIVE_TO
Обама назначил сенатора Керри на пост госсекретаря США	Керри	PERSON	1	POSITIVE_TO/NEGATIVE_TO
Президент США Барак Обама в пятницу официально выдвинул кандидатуру сенатора-демократа Джона Керри на пост государственного секретаря, начав тем самым работу по формированию нового аппарата национальной безопасности.	Джона Керри	PERSON	1	POSITIVE_TO/NEGATIVE_TO
Если кандидатуру Керри одобрит Сенат, он сменит на посту госсекретаря Хиллари Клинтон, которая объявила о намерении уйти в отставку в начале будущего года.	Керри	PERSON	1	POSITIVE_TO/NEGATIVE_TO
Выступая на церемонии в Белом доме, Обама назвал Керри ''«наилучшей кандидатурой для того, чтобы вести вперед американскую дипломатию в предстоящие годы»''.	Керри	PERSON	1	POSITIVE_TO/NEGATIVE_TO
Обама активно выступал в защиту Райс, являющейся его близким другом и давним советником, однако республиканские сенаторы пообещали заблокировать ее кандидатуру, если президент выдвинет её на пост госсекретаря.	Райс	PERSON	1	POSITIVE_TO/NEGATIVE_TO
Сенатор заслужил высокую оценку представителей администрации Обамы, когда произнес речь о проблемах национальной безопасности на национальном съезде Демократической партии, прошедшем в августе этого года.	Сенатор	PROFESSION	1	POSITIVE_TO/NEGATIVE_TO
В этом году Рождество было особенно радостным для палестинцев, которые в прошлом месяце добились от ООН признания независимости палестинского государства.	палестинского	COUNTRY	1	POSITIVE_TO/NEGATIVE_TO
"Президент Тайваня Цай Инвэнь и президент Сальвадора Сальвадор Санчес Серен, 2017 год

«То, что правительство Сальвадора пошло на поводу у явного вмешательства Китая во внутреннюю политику государства Западного полушария, вызывает серьезную озабоченность у Соединённых Штатов и приведет к переоценке наших отношений с Сальвадором», — говорится в заявлении Белого дома."	Китая	COUNTRY	1	POSITIVE_TO/NEGATIVE_TO
После службы в ВМС с 1979 года работал в госкорпорации CITIC, созданной с одобрения Дэн Сяопина.	CITIC	ORGANIZATION	1	POSITIVE_TO/NEGATIVE_TO
После выступления Мурси в суде был объявлен перерыв.	Мурси	PERSON	1	POSITIVE_TO/NEGATIVE_TO
Глава Контртеррористического управления ООН Владимир Воронков побывал в Синьцзяне 13-15 июня по приглашению Пекина.	Владимир Воронков	PERSON	1	POSITIVE_TO/NEGATIVE_TO
Бардо, известная также и как активистка борьбы за права животных, заявила, что готова попросить российское гражданство, если власти Франции не сделают ничего, чтобы спасти от усыпления слоних Бэби и Непал.	Бэби	PERSON	1	POSITIVE_TO/NEGATIVE_TO
Правительство призвало сторонников Чавеса выйти в четверг на улицы, чтобы продемонстрировать массовую поддержку президенту.	Чавеса	PERSON	1	POSITIVE_TO/NEGATIVE_TO
в субботу президент Египта Мухаммед Мурси в своём твитере выразил соболезнования пострадавшим полицейским, призвал граждан страны протестовать мирно и пригрозил нарушителям законам уголовной ответственностью.	полицейским	PROFESSION	1	POSITIVE_TO/NEGATIVE_TO
Канадский морской офицер, который признался в том, что сотрудничал с российскими спецслужбами в течение 4 лет, был приговорен к 20 годам в тюрьме.	морской офицер	PROFESSION	1	POSITIVE_TO/NEGATIVE_TO
Дилайла также обязали выплаить штраф в размере более 110 тысяч долларов — суммы которую он получил от России.	России	COUNTRY	1	POSITIVE_TO/NEGATIVE_TO
Дилайла также обязали выплаить штраф в размере более 110 тысяч долларов — суммы которую он получил от России.	Дилайла	PERSON	1	POSITIVE_TO/NEGATIVE_TO
Защитники Алёхиной представили суду сразу несколько положительных характеристик осужденной, напомнили о ее благотворительной деятельности.	Алёхиной	PERSON	1	POSITIVE_TO/NEGATIVE_TO
Адвокат Алёхиной Оксана Дарова заявила о политической ангажированности всего процесса: «Маша является человеком крайне активно участвовавшим в гражданской жизни страны — и всюду с ней был 5-летний Филипп.	Маша	PERSON	1	POSITIVE_TO/NEGATIVE_TO
Гасан Хитто избран сирийской оппозицией временным премьер-министром	Гасан Хитто	PERSON	1	POSITIVE_TO/NEGATIVE_TO
Гасан Хитто родился в Дамаске.	Хитто	PERSON	1	POSITIVE_TO/NEGATIVE_TO
Ранее в понедельник госсекретарь США Джон Керри заявил, что США не будут возражать против вооружения сирийских повстанцев Великобританией и Францией.	Великобританией	COUNTRY	1	POSITIVE_TO/NEGATIVE_TO
Б.Обама назначил М.Шапиро главой SEC четыре года назад, когда доверие инвесторов к государственным рыночным регуляторам было подорвано финансовым кризисом 2008г. Комиссию по ценным бумагам обвиняли в слабом надзоре за брокерскими компаниями типа Lehman Brothers, которые не были готовы к потрясениям и привели к самому серьезному экономическому спаду после времен Великой депрессии.	М.Шапиро	PERSON	1	POSITIVE_TO/NEGATIVE_TO
Пабло Неруда выступал в поддержку президента-социалиста Сальвадора Альенде, который погиб в ходе военного переворота 11 сентября 1973 года.	Сальвадора Альенде	PERSON	1	POSITIVE_TO/NEGATIVE_TO
Пабло Неруда выступал в поддержку президента-социалиста Сальвадора Альенде, который погиб в ходе военного переворота 11 сентября 1973 года.	Пабло Неруда	PERSON	1	POSITIVE_TO/NEGATIVE_TO
Одним из первых Николаса Мадуро с победой поздравил президент России Владимир Путин.	Николаса Мадуро	PERSON	1	POSITIVE_TO/NEGATIVE_TO
Одним из первых Николаса Мадуро с победой поздравил президент России Владимир Путин.	Владимир Путин	PERSON	1	POSITIVE_TO/NEGATIVE_TO
Жители столицы страны, Каракаса, вышли на улицы, чтобы отпраздновать победу Мадуро.	Мадуро	PERSON	1	POSITIVE_TO/NEGATIVE_TO
Проект Японии и США не нравится Пекину и Москве.	США	COUNTRY	1	POSITIVE_TO/NEGATIVE_TO
Американский представитель при ООН Джон Болтон (John Bolton) приветствовал российско-китайский проект как шаг вперёд.	российско	COUNTRY	1	POSITIVE_TO/NEGATIVE_TO
Американский представитель при ООН Джон Болтон (John Bolton) приветствовал российско-китайский проект как шаг вперёд.	китайский	COUNTRY	1	POSITIVE_TO/NEGATIVE_TO
25 мальчиков и девочек разыграли сценку в которой войны Израиля спасали мирных жителей Израиля и Ливана от ракет королевства террористической организации «Хизбалла», представляющий в спектакле отрицательных персонажей поработивших царство цветов и препятствующих миру во всём мире.	Израиля	COUNTRY	1	POSITIVE_TO/NEGATIVE_TO
25 мальчиков и девочек разыграли сценку в которой войны Израиля спасали мирных жителей Израиля и Ливана от ракет королевства террористической организации «Хизбалла», представляющий в спектакле отрицательных персонажей поработивших царство цветов и препятствующих миру во всём мире.	Ливана	COUNTRY	1	POSITIVE_TO/NEGATIVE_TO
1 июля 2019 года Хорошевский суд Москвы признал Алексея Навального виновным в повторном нарушении правил проведения акции (ч.	Хорошевский суд Москвы	ORGANIZATION	1	POSITIVE_TO/NEGATIVE_TO
Письмо кроме России и Саудовской Аравии подписали Оман, Кувейт, Катар, Объединённые Арабские Эмираты, Бахрейн, Сирия, Пакистан, Северная Корея, Венесуэла, Куба, Беларусь, Мьянма, Филиппины и множество африканских государств.	Филиппины	COUNTRY	1	POSITIVE_TO/NEGATIVE_TO
"В обращении V-го съезда Союза театральных деятелей (СТД) России, сказано, что недопустимы ""любые проявления неприязни по национальному признаку к людям грузинской национальности, проживающим в России и уважающим законы Российской Федерации"", особенно в ""...в сфере культуры и искусства""."	грузин	NATIONALITY	1	POSITIVE_TO/NEGATIVE_TO
"Вместе с тем, в обращении выражена поддержка позиции руководства России ""в связи с недружественными проявлениями  в отношении России со стороны грузинского руководства""."	России	COUNTRY	1	POSITIVE_TO/NEGATIVE_TO
Приятель Джохара Царнаева Робел Филлипос выпущен под залог	Джохара Царнаева	PERSON	1	POSITIVE_TO/NEGATIVE_TO
Около 01:20 5 июня 1995 года из СИЗО сбежал криминальный авторитет Александр Солоник.	Солоник	PERSON	1	POSITIVE_TO/NEGATIVE_TO
Я счастлива, что в этот тяжелый период рядом со мной был Брэд, он очень поддерживал меня.	Брэд	PERSON	1	POSITIVE_TO/NEGATIVE_TO
Анджелина надеется, что другие женщины «извлекут пользу из ее опыта и будут более внимательны к своему здоровью».	Анджелина	PERSON	1	POSITIVE_TO/NEGATIVE_TO
"По словам Джоли она так пояснила необходимость операции своим детям:
Я могу сказать своим детям, что они не должны бояться, что могут потерять меня из-за рака."	Джоли	PERSON	1	POSITIVE_TO/NEGATIVE_TO
Тони Сопрано любил свою жену Кармелу, был заботливым отцом, и в то же время поддерживал несколько внебрачных связей.	Кармелу	PERSON	1	POSITIVE_TO/NEGATIVE_TO
Он регулярно посещал психотерапевта, который пытался помочь ему справиться со своими страхами и проблемами в отношениях с матерью.	психотерапевта	PROFESSION	1	POSITIVE_TO/NEGATIVE_TO
Тони Сопрано любил свою жену Кармелу, был заботливым отцом, и в то же время поддерживал несколько внебрачных связей.	Тони Сопрано	PERSON	1	POSITIVE_TO/NEGATIVE_TO
Федеральный судья-магистрат постановил держать под арестом двух жителей штата Нью-Йорк, обвиняемых в попытке создания радиационной пушки, действующей по принципу рентгеновского аппарата, с целью облучения мусульман и других врагов Израиля.	Федеральный судья-магистрат	PROFESSION	1	POSITIVE_TO/NEGATIVE_TO
В пятницу — 28 июня 2013 года российская прокуратура обратилась в московский суд с просьбой ограничить свободу передвижения медиамагната Александра Лебедева на 21 месяц за избиение своего оппонента — Сергея Полонского на телешоу.	московский суд	ORGANIZATION	1	POSITIVE_TO/NEGATIVE_TO
Его адвокат заявил агентству Reuters, что он будет оспаривать выдвинутые обвинения и ищет возможные нарушения при аресте Смилянца в 2012 году в Нидерландах.	Смилянца	PERSON	1	POSITIVE_TO/NEGATIVE_TO
В понедельник, 22 июля 2019 года, в Пекине умер Ли Пэн, соратник Цзян Цзэминя, премьер Государственного совета Китая в 1988—1998 годах, председатель Постоянного комитета Всекитайского собрания народных представителей в 1998—2003 годах.	Ли Пэн	PERSON	1	POSITIVE_TO/NEGATIVE_TO
"Вашингтон предлагал Англии провести военную акцию в Иране
                                                     
Когда британские моряки находились в иранском плену, Вашингтон предлагал провести рискованную военную акцию по их освобождению."	Англии	COUNTRY	1	POSITIVE_TO/NEGATIVE_TO
"Также Владимира Машкова поздравил его учитель Олег Табаков:
Он безусловный талант и настоящий хулиган."	Олег Табаков	PERSON	1	POSITIVE_TO/NEGATIVE_TO
Открывший церемонию председатель правления Нобелевского фонда Карл-Хенрик Хелдин (Carl-Henrik Heldin) отметил, что основатель премии Альфред Нобель был человеком широких взглядов.	Альфред Нобель	PERSON	1	POSITIVE_TO/NEGATIVE_TO
Эйсебио родился в 1942 году на территории современного Мозамбика, входившего тогда в число колониальных владений Португалии.	Эйсебио	PERSON	1	POSITIVE_TO/NEGATIVE_TO
Народный депутат Украины I, III—VII созывов.	Украины	COUNTRY	1	POSITIVE_TO/NEGATIVE_TO
Китай согласен с США по вопросу территориальной целостности Украины	США	COUNTRY	1	POSITIVE_TO/NEGATIVE_TO
Китай согласен с США, что необходимо уважать суверенитет и территориальную целостность Украины в ее споре с Россией.	США	COUNTRY	1	POSITIVE_TO/NEGATIVE_TO
Китай согласен с США, что необходимо уважать суверенитет и территориальную целостность Украины в ее споре с Россией.	Украины	COUNTRY	1	POSITIVE_TO/NEGATIVE_TO
Китайский политик, побеседовавший с советником президента Обамы по национальной безопасности Сьюзан Райс, добавил также, что необходимо учитывать законные права и интересы всех этнических групп, проживающих в Украине.	Сьюзан Райс	PERSON	1	POSITIVE_TO/NEGATIVE_TO
Китайский политик, побеседовавший с советником президента Обамы по национальной безопасности Сьюзан Райс, добавил также, что необходимо учитывать законные права и интересы всех этнических групп, проживающих в Украине.	Китайский политик	PROFESSION	1	POSITIVE_TO/NEGATIVE_TO
Специальный приз Музея Победы получил российский режиссёр Григорий Илугдин за документальную киноленту «Рейд на Дуклу».	Музея Победы	ORGANIZATION	1	POSITIVE_TO/NEGATIVE_TO
Это поколебало позиции Цай, которая в январе 2020 года собирается снова стать президентом.	президентом	PROFESSION	1	POSITIVE_TO/NEGATIVE_TO
В 2018 году премьер-министр Эфиопии и президент Эритреи Исайяс Афеверки заключили мирный договор и договорились сотрудничать в нескольких сферах, в том числе в экономической.	премьер-министр Эфиопии	PROFESSION	1	POSITIVE_TO/NEGATIVE_TO
«Альбом года» и «Песня года» определяютcz автоматически в зависимости от того, что подписчики Apple Music чаще всего слушали в этом году.	Apple Music	ORGANIZATION	1	POSITIVE_TO/NEGATIVE_TO
Вице-президент подразделения Apple Music и международного контента Оливер Шуссер (Oliver Schusser) сказал:	Apple Music	ORGANIZATION	1	POSITIVE_TO/NEGATIVE_TO
"Сразу после выхода Алёхин прокомментировал новинку:
Вот на некоторые площадки релиз подгрузился."	Алёхин	PERSON	1	POSITIVE_TO/NEGATIVE_TO
Президент России Владимир Путин отпустил израильтянку Нааму Иссахар.	Нааму Иссахар	PERSON	1	POSITIVE_TO/NEGATIVE_TO
"Президент России, Владимир Путин, лично выразил соболезнования родным и близким Виктора Тихонова, в частности, внучке Тихоновой Татьяне Васильевне:

Уважаемая Татьяна Васильевна,

искренне разделяю огромное горе, постигшее Вашу семью."	Виктора Тихонова	PERSON	1	POSITIVE_TO/NEGATIVE_TO
В последнее время Виктор Тихонов проходил курс лечения дома.	Виктор Тихонов	PERSON	1	POSITIVE_TO/NEGATIVE_TO
"Президент России, Владимир Путин, лично выразил соболезнования родным и близким Виктора Тихонова, в частности, внучке Тихоновой Татьяне Васильевне:

Уважаемая Татьяна Васильевна,

искренне разделяю огромное горе, постигшее Вашу семью."	Тихоновой Татьяне Васильевне	PERSON	1	POSITIVE_TO/NEGATIVE_TO
Беларусь восстановила таможенный контроль на границе с РФ, упраздненный с 1 июля 2011 года при создании Таможенного союза.	Таможенного союза	ORGANIZATION	1	POSITIVE_TO/NEGATIVE_TO
"Сергея Попов:
Антологию «Жар-птицы» я издал для того, чтобы у участников группы, большинство из которых сделали очень много для неё, она хранилась, как семейная реликвия, которую можно пощупать, посмотреть и послушать."	Жар-птицы	ORGANIZATION	1	POSITIVE_TO/NEGATIVE_TO
Украинская лётчица Надежда Савченко, которая находится под арестом в Москве, в пятницу, 30 января 2015 года, передала через своих адвокатов, что российские власти возбудили против нее новое дело по обвинению в незаконном пересечении границы.	Савченко	PERSON	1	POSITIVE_TO/NEGATIVE_TO
По новым обвинениям Савченко грозит тюремное заключение на срок до шести лет.	Савченко	PERSON	1	POSITIVE_TO/NEGATIVE_TO
Адвокаты лётчицы настаивают, что она невиновна.	лётчицы	PROFESSION	1	POSITIVE_TO/NEGATIVE_TO
Её адвокаты утверждают, что сепаратисты передали её российским властям на границе, а Россия настаивает, что она пересекла границу сама, как беженка.	российским властям	ORGANIZATION	1	POSITIVE_TO/NEGATIVE_TO
Марк отметил, что рабочие Visteon рассказали рабочим Vestas, что захват «является тем, что мы должны сделать для того, чтобы защитить себя».	рабочие	PROFESSION	1	POSITIVE_TO/NEGATIVE_TO
В 1986 Корасон Акино возглавила народное восстание поддержанное военными, которое привело к бегству из страны президента-диктатора Фердинанда Маркоса, находившегося у власти с 1965 года.	Корасон Акино	PERSON	1	POSITIVE_TO/NEGATIVE_TO
В 1986 Корасон Акино возглавила народное восстание поддержанное военными, которое привело к бегству из страны президента-диктатора Фердинанда Маркоса, находившегося у власти с 1965 года.	военными	PROFESSION	1	POSITIVE_TO/NEGATIVE_TO
На следующий день в субботу приступ повторился и врачи увезли Арканова в Центральную клиническую больницу, где он через неделю скончался.	Арканова	PERSON	1	POSITIVE_TO/NEGATIVE_TO
Все это время музыка ''Rolling Stones'' была запрещена на коммунистическом острове, потому что она считалась подрывающей устои социализма, однако в пятницу вечером эта группа дала исторический, бесплатный концерт в Гаване, на котором присутствовали до полумиллиона ликующих поклонников.	Rolling Stones	ORGANIZATION	1	POSITIVE_TO/NEGATIVE_TO
«Это как мое последнее желание — увидеть Rolling Stones», сказал Хоакин.	Rolling Stones	ORGANIZATION	1	POSITIVE_TO/NEGATIVE_TO
В те времена коммунистическое правительство Кубы с большим подозрением относилось к американским и британским группам, и ему приходилось прятать свои пластинки ''The Beatles'' и ''The Rolling Stones'' в обложках «правильных», революционных кубинских исполнителей.	исполнителей	PROFESSION	1	POSITIVE_TO/NEGATIVE_TO
В июне правительство Мали и представители двух повстанческих группировок туарегов заключили перемирие.	правительство	ORGANIZATION	1	POSITIVE_TO/NEGATIVE_TO
